Tipo,Contenido,Categoría
Título principal,Python Web Scraping: Full Tutorial With Examples (2024)
Encabezados
Encabezado,0. Web Scraping Process
Encabezado,1. Manually Opening a Socket and Sending the HTTP Request
Encabezado,Socket
Encabezado,Regular Expressions
Encabezado,2. Using Urllib3 & LXML
Encabezado,Urllib3
Encabezado,XPath
Encabezado,3. Using Requests & BeautifulSoup
Encabezado,Requests
Encabezado,BeautifulSoup
Encabezado,Storing our data in CSV
Encabezado,Storing Our Data in PostgreSQL
Encabezado,Summary
Encabezado,Asyncio
Encabezado,4. Using Web Crawling Frameworks
Encabezado,Scrapy
Encabezado,PySpider
Encabezado,PySpider vs. Scrapy: A Quick Comparison
Encabezado,5. Using Headless Browsing
Encabezado,Selenium & Chrome
Encabezado,RoboBrowser
Encabezado,6. Using a Website’s API
Encabezado,Scraping a Website’s Content API
Encabezado,Scraping Reddit Data
Encabezado,7. Avoiding Anti-Bot Technology
Encabezado,Using Proxies
Encabezado,Setting or Rotating User Agents
Encabezado,Undetected ChromeDriver
Encabezado,No Driver
Encabezado,Balancing Act
Encabezado,Conclusion
Encabezado,Further Reading
Encabezado,Ready to Level Up Your Scraping Game? Check Out ScrapingBee!
Encabezado,You might also like:
Encabezado,Tired of getting blocked while scraping the web?
Enlaces
Enlace,/
Enlace,https://app.scrapingbee.com/account/login
Enlace,https://app.scrapingbee.com/account/register
Enlace,/#pricing
Enlace,/#faq
Enlace,/blog/
Enlace,#
Enlace,/features/ai-web-scraping-api/
Enlace,/features/screenshot/
Enlace,/features/google/
